Priority,Category,Task,Status,Description,Effort,Blocker
P0,Core Auth,Implement Multi-Factor Authentication (MFA/2FA),Not Started,Add TOTP or SMS-based 2FA for enterprise security compliance,3-5 days,Yes
P0,Core Auth,Add Single Sign-On (SSO) Support,Not Started,Implement SAML 2.0 and OAuth providers (Google/Microsoft/Okta),5-7 days,Yes
P0,Core Auth,Session Management UI,Not Started,View active sessions and force logout from other devices,2 days,No
P0,Core Auth,Implement IP-based Access Control,Not Started,Allow enterprises to restrict access by IP range/allowlist,2 days,No
P0,Core Auth,Token Rotation and Expiration,Not Started,Automatic CLI token expiration and rotation policies,1 day,No
P0,Core Auth,Password Policy Enforcement,Not Started,Minimum length/complexity/history requirements,1 day,No
P1,Core Auth,OAuth Provider Integration,Not Started,GitHub/GitLab/Google OAuth login options,3 days,No
P1,Core Auth,Account Lockout Policy,Not Started,Lock account after N failed login attempts,4 hours,No
P2,Core Auth,Passwordless Authentication,Not Started,Magic link or passkey authentication,3 days,No
P2,Core Auth,Device Trust Management,Not Started,Remember trusted devices and require re-auth on new devices,2 days,No
P0,Billing,Stripe Payment Integration,Not Started,Implement checkout flow subscription management and invoicing,4-5 days,Yes
P0,Billing,Subscription Management UI,Not Started,Upgrade/downgrade/cancel subscription flow,2 days,Yes
P0,Billing,Invoice Generation and History,Not Started,Generate PDF invoices and display billing history,2 days,Yes
P0,Billing,Usage-Based Billing Tracking,Not Started,Track API calls/storage/team members for metered billing,3 days,No
P1,Billing,Plan Limit Enforcement,Partial,Enforce project/team/storage limits based on plan - tables exist,1 day,No
P1,Billing,Proration for Plan Changes,Not Started,Calculate proration when upgrading/downgrading mid-cycle,1 day,No
P1,Billing,Failed Payment Handling,Not Started,Dunning emails and grace period for failed payments,2 days,No
P1,Billing,Tax Calculation (VAT/Sales Tax),Not Started,Integrate tax service for international billing compliance,2 days,No
P2,Billing,Enterprise Custom Pricing,Not Started,Support custom contract pricing for enterprise deals,1 day,No
P2,Billing,Refund Processing,Not Started,Admin UI for processing refunds,4 hours,No
P2,Billing,Billing Alerts,Not Started,Alert users approaching plan limits,1 day,No
P3,Billing,Multiple Payment Methods,Not Started,Support credit card ACH and wire transfer,2 days,No
P0,Security,Implement Rate Limiting Enforcement,Not Started,Activate rate limiting middleware - tables exist but not enforced,4 hours,Yes
P0,Security,Add Security Headers,Not Started,CSP HSTS X-Frame-Options X-Content-Type-Options,4 hours,Yes
P0,Security,Security Audit / Penetration Testing,Not Started,Professional security audit and pen test,2 weeks,Yes
P0,Security,Memory Zeroing for Secrets (CLI),Not Started,Zero memory after handling secrets in Go code,1 day,Yes
P0,Security,DDoS Protection Layer,Not Started,Cloudflare or similar DDoS protection,4 hours,Yes
P0,Security,Request Signing Between CLI and Backend,Not Started,HMAC signing for API requests,2 days,No
P1,Security,Clipboard Auto-Clear Timeout,Not Started,Auto-clear clipboard after copying secrets,4 hours,No
P1,Security,Temporary File Secure Deletion,Not Started,Securely delete temp files after use,4 hours,No
P1,Security,Shell History Protection,Not Started,Prevent secrets from appearing in shell history,1 day,No
P1,Security,Anomaly Detection,Not Started,Detect unusual access patterns and alert,5 days,No
P1,Security,Timing Attack Protection,Not Started,Constant-time comparison for secret operations,1 day,No
P1,Security,Dependency Vulnerability Scanning,Partial,Add Snyk or similar to CI/CD pipeline,4 hours,No
P1,Security,Static Code Analysis (SAST),Not Started,Add SonarQube or similar to CI/CD,1 day,No
P2,Security,Secret Scanning in Repos,Not Started,Detect leaked secrets in connected repositories,3 days,No
P2,Security,Data Loss Prevention (DLP),Not Started,Prevent bulk export of secrets without approval,2 days,No
P2,Security,Encryption Key Rotation,Not Started,Support rotating encryption keys,3 days,No
P3,Security,Hardware Security Module (HSM) Integration,Not Started,Enterprise key management with HSM,1 week,No
P0,Storage,Database Backup Strategy,Not Started,Automated daily backups with point-in-time recovery,4 hours,Yes
P0,Storage,Disaster Recovery Plan,Not Started,Document and test DR procedures,2 days,Yes
P1,Storage,File Size Limits Enforcement,Not Started,Enforce storage limits per plan,4 hours,No
P1,Storage,Data Retention Policies,Not Started,Configurable retention and auto-deletion,2 days,No
P1,Storage,Geographic Data Residency,Not Started,Allow choosing data storage region for compliance,3 days,No
P2,Storage,Storage Usage Dashboard,Not Started,Show storage usage per project/environment,1 day,No
P2,Storage,Data Export (GDPR),Not Started,Export all user data on request,2 days,No
P2,Storage,Encrypted At-Rest Verification,Partial,Document and verify encryption at rest,4 hours,No
P3,Storage,Multi-Region Replication,Not Started,Replicate data across regions for HA,1 week,No
P0,Testing,Unit Tests - Frontend,Not Started,Add Jest tests for React components - currently 0%,2 weeks,Yes
P0,Testing,Unit Tests - CLI,Not Started,Add Go tests for CLI commands - currently 0%,1 week,Yes
P0,Testing,E2E Tests,Not Started,Add Playwright or Cypress for critical flows,2 weeks,Yes
P0,Testing,Integration Tests,Not Started,Test API endpoints and database operations,1 week,Yes
P1,Testing,Load Testing,Not Started,Performance testing with k6 or similar,3 days,No
P1,Testing,Code Coverage Requirements,Not Started,Enforce minimum 80% coverage in CI,4 hours,No
P1,Testing,API Contract Testing,Not Started,Test API contracts with Pact or similar,3 days,No
P2,Testing,Security Testing Automation,Not Started,OWASP ZAP or similar in CI/CD,2 days,No
P2,Testing,Visual Regression Testing,Not Started,Percy or Chromatic for UI changes,2 days,No
P2,Testing,Accessibility Testing,Not Started,axe-core or similar for a11y compliance,1 day,No
P0,Monitoring,Configure Sentry for Production,Partial,Setup production DSN and error tracking - initialized but not configured,4 hours,Yes
P0,Monitoring,Setup Alerting System,Not Started,PagerDuty/Opsgenie for critical alerts,1 day,Yes
P0,Monitoring,Uptime Monitoring,Not Started,UptimeRobot or Pingdom for availability checks,2 hours,Yes
P0,Monitoring,Application Performance Monitoring (APM),Not Started,Database query and endpoint latency tracking,2 days,No
P1,Monitoring,Log Aggregation,Not Started,Centralized logging with ELK or Datadog,2 days,No
P1,Monitoring,Infrastructure Monitoring,Not Started,Prometheus/Grafana for resource metrics,2 days,No
P1,Monitoring,Configure PostHog for Production,Partial,Setup production analytics tracking - initialized but not configured,4 hours,No
P1,Monitoring,Health Check Endpoints,Not Started,Add /health and /ready endpoints,4 hours,No
P1,Monitoring,Status Page,Not Started,Public status page for service health,1 day,No
P2,Monitoring,Synthetic Monitoring,Not Started,Scheduled transaction testing,1 day,No
P2,Monitoring,Custom Dashboards,Not Started,Create monitoring dashboards for key metrics,2 days,No
P3,Monitoring,Distributed Tracing,Not Started,Jaeger or Zipkin for request tracing,3 days,No
P0,Email,Transactional Email Service,Not Started,Integrate Resend/SendGrid for system emails,2 days,Yes
P0,Email,Team Invitation Emails,Not Started,Email invitations for team members,1 day,Yes
P0,Email,Password Reset Emails,Partial,Uses Supabase defaults - needs customization,4 hours,No
P1,Email,Email Verification Flow,Partial,Works but needs custom templates,4 hours,No
P1,Email,Email Templates,Not Started,Professional branded email templates,2 days,No
P1,Email,Notification Preferences,Not Started,User settings for email notifications,1 day,No
P2,Email,Email Delivery Tracking,Not Started,Track opens/clicks/bounces,1 day,No
P2,Email,Digest Emails,Not Started,Weekly activity summaries,2 days,No
P3,Email,Custom SMTP Support,Not Started,Allow enterprise custom SMTP servers,1 day,No
P0,DevOps,Production Environment Configuration,Partial,Document and secure production env vars,4 hours,Yes
P0,DevOps,Rollback Procedures,Not Started,Document and test deployment rollback,4 hours,Yes
P1,DevOps,Blue-Green Deployment,Not Started,Zero-downtime deployment strategy,2 days,No
P1,DevOps,Database Migration Rollback,Not Started,Reversible migrations with rollback scripts,1 day,No
P1,DevOps,Docker Container Images,Not Started,Create Docker images for self-hosting,2 days,No
P1,DevOps,Kubernetes Manifests,Not Started,K8s deployment configs for enterprise,3 days,No
P1,DevOps,CDN Configuration,Partial,Cloudflare setup needs optimization,4 hours,No
P2,DevOps,Canary Deployments,Not Started,Gradual rollout of new versions,2 days,No
P2,DevOps,Infrastructure as Code,Not Started,Terraform/Pulumi for infrastructure,3 days,No
P2,DevOps,Secrets Management (Infra),Not Started,HashiCorp Vault or similar for deploy secrets,2 days,No
P3,DevOps,Multi-Environment Setup,Partial,Staging environment configuration,1 day,No
P1,Documents,Document/File Attachments,Not Started,Attach files to secrets or projects,3 days,No
P1,Documents,Binary Secret Support,Not Started,Handle certificates/keys as binary,2 days,No
P2,Documents,Document Versioning,Not Started,Track document versions and changes,2 days,No
P2,Documents,Document Preview,Not Started,Preview supported file types,2 days,No
P3,Documents,Document Search,Not Started,Full-text search in documents,2 days,No
P3,Documents,Document Sharing,Not Started,Share documents externally with expiry,2 days,No
P1,AI,AI-Powered Secret Suggestions,Not Started,Suggest variable names based on context,3 days,No
P2,AI,Anomaly Detection with ML,Not Started,ML-based unusual access detection,1 week,No
P2,AI,Intelligent Autocomplete,Not Started,Suggest secret values based on type,3 days,No
P2,AI,Security Scanning with AI,Not Started,AI-powered security vulnerability detection,5 days,No
P3,AI,Natural Language Commands,Not Started,Chat interface for CLI operations,1 week,No
P3,AI,Documentation Generation,Not Started,Auto-generate docs from secrets,3 days,No
P1,Blog,Public Blog Listing Page,Partial,Database exists - needs frontend,2 days,No
P1,Blog,Category and Tag Browsing,Partial,Database exists - needs frontend,1 day,No
P1,Blog,Blog Search Functionality,Not Started,Search within blog articles,1 day,No
P2,Blog,Blog Comments System,Not Started,User comments on articles,3 days,No
P2,Blog,Blog RSS Feed,Not Started,RSS feed for blog subscribers,4 hours,No
P2,Blog,Blog Social Sharing,Not Started,Share buttons and meta tags,4 hours,No
P3,Blog,Blog Newsletter Integration,Not Started,Subscribe to blog updates,2 days,No
P3,Blog,Blog Analytics Dashboard,Not Started,View counts and engagement metrics,1 day,No
P1,SEO,Dynamic Sitemap Generation,Partial,Database exists - needs implementation,1 day,No
P1,SEO,Meta Tag Injection,Not Started,Dynamic meta tags in frontend,1 day,No
P1,SEO,Open Graph Tags,Not Started,Social sharing preview tags,4 hours,No
P1,SEO,Canonical URL Handling,Not Started,Prevent duplicate content issues,4 hours,No
P1,SEO,Structured Data (JSON-LD),Not Started,Schema.org markup for rich snippets,1 day,No
P2,SEO,SEO Performance Monitoring,Not Started,Track search rankings and traffic,2 days,No
P2,SEO,robots.txt Configuration,Partial,Basic exists - needs refinement,2 hours,No
P3,SEO,International SEO (hreflang),Not Started,Multi-language SEO support,2 days,No
P1,Automation,GitHub Actions Integration,Not Started,Marketplace action for CI/CD,3 days,No
P1,Automation,GitLab CI Integration,Not Started,CI/CD integration for GitLab,3 days,No
P1,Automation,Webhook Support,Not Started,Webhooks for secret changes,2 days,No
P1,Automation,Scheduled Syncs,Not Started,Auto-sync at configured intervals,2 days,No
P2,Automation,Slack Integration,Not Started,Notifications and slash commands,3 days,No
P2,Automation,Automated Backups,Not Started,Scheduled backup exports,1 day,No
P2,Automation,Approval Workflows,Not Started,Require approval for secret changes,5 days,No
P3,Automation,Terraform Provider,Not Started,Terraform provider for IaC,1 week,No
P3,Automation,Ansible Collection,Not Started,Ansible modules for automation,5 days,No
P3,Automation,Zapier Integration,Not Started,Connect to 5000+ apps,3 days,No
P1,CRM,Customer Account Management,Not Started,Admin view of all customers,3 days,No
P1,CRM,Usage Analytics Dashboard,Not Started,View customer usage patterns,3 days,No
P2,CRM,Account Hierarchies,Not Started,Parent/child account relationships,3 days,No
P2,CRM,Customer Health Scoring,Not Started,Identify at-risk customers,3 days,No
P2,CRM,Support Ticket Integration,Not Started,Integrate with Zendesk/Intercom,2 days,No
P3,CRM,Customer Segmentation,Not Started,Group customers by attributes,2 days,No
P3,CRM,Churn Prediction,Not Started,ML-based churn prediction,1 week,No
P1,Media,Image Upload and Storage,Not Started,Profile pictures and project icons,2 days,No
P2,Media,Image Optimization,Not Started,Auto-resize and WebP conversion,1 day,No
P2,Media,CDN for Media Assets,Not Started,Serve media from CDN,4 hours,No
P3,Media,Video Tutorials,Not Started,Host product tutorial videos,2 days,No
P3,Media,Screenshot Capture,Not Started,Capture and annotate screenshots,3 days,No
P1,GPS/Location,Geo-Based Access Controls,Not Started,Restrict access by geographic location,2 days,No
P2,GPS/Location,Login Location Tracking,Not Started,Track and display login locations,1 day,No
P2,GPS/Location,Suspicious Location Alerts,Not Started,Alert on logins from new locations,1 day,No
P3,GPS/Location,Office Location Verification,Not Started,Verify user is in approved location,3 days,No
P1,Templates,Secret Templates,Not Started,Pre-defined templates for common configs,2 days,No
P1,Templates,Environment Templates,Not Started,Quick-start templates for frameworks,2 days,No
P2,Templates,Project Templates,Not Started,Copy project structure as template,1 day,No
P2,Templates,Team Template Library,Not Started,Shared templates within organization,2 days,No
P3,Templates,Community Templates,Not Started,Public template marketplace,1 week,No
P0,Compliance,SOC2 Type II Documentation,Not Started,Compliance documentation for SOC2,2 weeks,Yes
P0,Compliance,GDPR Compliance,Partial,Data export exists - needs DPA and policies,1 week,Yes
P1,Compliance,HIPAA Compliance Documentation,Not Started,Healthcare compliance if needed,2 weeks,No
P1,Compliance,Privacy Policy,Partial,Exists but needs legal review,2 days,No
P1,Compliance,Terms of Service,Partial,Exists but needs legal review,2 days,No
P1,Compliance,Data Processing Agreement (DPA),Not Started,Required for enterprise customers,3 days,No
P2,Compliance,Audit Log Export,Partial,Logs exist - need export feature,1 day,No
P2,Compliance,Compliance Dashboard,Not Started,Show compliance status to admins,3 days,No
P3,Compliance,ISO 27001 Documentation,Not Started,Security management certification,1 month,No
P1,Documentation,API Documentation,Partial,Internal docs exist - need public API docs,3 days,No
P1,Documentation,Self-Hosting Guide,Not Started,Documentation for on-premise deployment,3 days,No
P1,Documentation,Enterprise Admin Guide,Not Started,Guide for enterprise administrators,2 days,No
P2,Documentation,Integration Guides,Not Started,Step-by-step guides for each integration,1 week,No
P2,Documentation,Security Whitepaper,Not Started,Detailed security architecture document,3 days,No
P2,Documentation,SLA Documentation,Not Started,Service level agreement details,1 day,No
P3,Documentation,Video Documentation,Not Started,Video tutorials and walkthroughs,1 week,No
P1,Performance,Frontend Bundle Analysis,Not Started,Analyze and reduce bundle size,1 day,No
P1,Performance,Lazy Loading Images,Not Started,Implement image lazy loading,4 hours,No
P1,Performance,Service Worker / Offline Support,Not Started,PWA capabilities for offline use,3 days,No
P1,Performance,Database Query Optimization,Not Started,Analyze and optimize slow queries,2 days,No
P2,Performance,Resource Hints,Not Started,Preconnect prefetch and preload,4 hours,No
P2,Performance,HTTP Cache Headers,Not Started,Configure optimal caching,4 hours,No
P2,Performance,GraphQL API,Not Started,Alternative to REST for efficient queries,1 week,No
P3,Performance,Edge Caching,Not Started,Cloudflare Workers for edge logic,3 days,No
P3,Performance,Database Connection Pooling,Not Started,Optimize database connections,1 day,No
P1,Team Features,Team Audit Logs,Partial,Exists - needs better UI,1 day,No
P1,Team Features,Role Customization,Not Started,Custom roles beyond admin/member/viewer,2 days,No
P1,Team Features,Team Activity Feed,Not Started,Real-time activity stream,2 days,No
P2,Team Features,Project-Level Permissions,Partial,Basic exists - needs granular control,2 days,No
P2,Team Features,Change History / Versioning,Not Started,Track all secret changes with rollback,3 days,No
P2,Team Features,Comments on Secrets,Not Started,Add notes/comments to secrets,1 day,No
P3,Team Features,Approval Workflows,Not Started,Require approval for changes,5 days,No
P3,Team Features,Team Analytics,Not Started,Usage statistics per team member,2 days,No
P1,Accessibility,WCAG 2.1 AA Compliance,Not Started,Full accessibility audit and fixes,1 week,No
P1,Accessibility,Keyboard Navigation,Partial,Basic exists - needs full coverage,2 days,No
P1,Accessibility,Screen Reader Support,Not Started,ARIA labels and announcements,3 days,No
P2,Accessibility,Color Contrast Compliance,Partial,Check and fix contrast issues,1 day,No
P2,Accessibility,Focus Management,Not Started,Proper focus handling for modals/dialogs,1 day,No
P3,Accessibility,Reduced Motion Support,Not Started,Respect prefers-reduced-motion,4 hours,No
P1,Internationalization,i18n Framework Setup,Not Started,Add react-i18next or similar,2 days,No
P2,Internationalization,Language Selection UI,Not Started,Language picker in settings,4 hours,No
P2,Internationalization,RTL Support,Not Started,Right-to-left language support,2 days,No
P3,Internationalization,Translation Management,Not Started,Process for managing translations,1 day,No
P3,Internationalization,Date/Number Localization,Not Started,Locale-aware formatting,1 day,No
P1,Mobile,Responsive Design Audit,Partial,Mostly responsive - needs polish,2 days,No
P2,Mobile,Mobile App (React Native),Not Started,Native mobile application,1 month,No
P2,Mobile,Touch-Friendly UI,Partial,Some areas need larger touch targets,1 day,No
P3,Mobile,Biometric Authentication,Not Started,Face ID / fingerprint on mobile,3 days,No
P3,Mobile,Push Notifications,Not Started,Mobile push for alerts,3 days,No
P1,Support,Help Center / Knowledge Base,Not Started,Self-service support portal,1 week,No
P1,Support,In-App Support Chat,Not Started,Intercom or similar integration,1 day,No
P2,Support,Ticket System,Not Started,Support ticket management,3 days,No
P2,Support,Feature Request Portal,Not Started,User feedback and voting,2 days,No
P3,Support,Community Forum,Not Started,User community discussions,1 week,No
P3,Support,Office Hours / Webinars,Not Started,Scheduled support sessions,Ongoing,No
P0,Incident Response,Incident Response Plan,Not Started,Document and practice IR procedures,2 days,Yes
P0,Incident Response,Security Incident Playbooks,Not Started,Step-by-step incident handling,3 days,Yes
P1,Incident Response,Post-Mortem Process,Not Started,Document learnings from incidents,1 day,No
P1,Incident Response,Communication Templates,Not Started,Pre-written incident communications,1 day,No
P2,Incident Response,Incident Tracking System,Not Started,Track and manage incidents,2 days,No
